"dependent.var","independent.var","dependent.var.value","independent.var.value","numbers","se","min","max","repeat.var","repeat.var.value"
"hh1","NA","NA","NA",0.804676753782669,NA,0.77583859856439,0.833514909000947,"hhh_gender","Male"
"hh1","NA","NA","NA",0.836363636363636,NA,0.737692826639755,0.935034446087518,"hhh_gender","Female"
"hh1_i","NA","NA","NA",0.178817056396149,NA,0.150942740885716,0.206691371906581,"hhh_gender","Male"
"hh1_i","NA","NA","NA",0.909090909090909,NA,0.832415072007172,0.985766746174646,"hhh_gender","Female"
"hh1_ii","NA","NA","NA",0.821182943603851,NA,0.793308628093419,0.849057259114284,"hhh_gender","Male"
"hh1_ii","NA","NA","NA",0.0909090909090909,NA,0.014233253825354,0.167584927992828,"hhh_gender","Female"
"hh3","NA","NA","NA",0.481430536451169,NA,0.445085085046944,0.517775987855394,"hhh_gender","Male"
"hh3","NA","NA","NA",0.290909090909091,NA,0.169770974507772,0.41204720731041,"hhh_gender","Female"
"hh4","NA","NA","NA",0.0123796423658872,NA,0.00433644275910958,0.0204228419726648,"hhh_gender","Male"
"hh4","NA","NA","NA",0.0363636363636364,NA,-0.0135640514740406,0.0862913242013133,"hhh_gender","Female"
"hh2_i","NA","NA","NA",0,NA,0,0,"hhh_gender","Male"
"hh2_i","NA","NA","NA",1,NA,1,1,"hhh_gender","Female"
"average_hh_size","NA","NA","NA",7,NA,7,7,"hhh_gender","Male"
"average_hh_size","NA","NA","NA",7,NA,7,7,"hhh_gender","Female"
"per_female","NA","NA","NA",50.888583218707,NA,49.6697966274082,52.1073698100058,"hhh_gender","Male"
"per_female","NA","NA","NA",56.9454545454545,NA,52.0748885267294,61.8160205641797,"hhh_gender","Female"
"per_male","NA","NA","NA",49.111416781293,NA,47.8926301899942,50.3302033725918,"hhh_gender","Male"
"per_male","NA","NA","NA",43.0545454545455,NA,38.1839794358203,47.9251114732706,"hhh_gender","Female"
"per_children","NA","NA","NA",55.6011004126547,NA,54.3901309229478,56.8120699023617,"hhh_gender","Male"
"per_children","NA","NA","NA",50.7090909090909,NA,44.0041776073448,57.414004210837,"hhh_gender","Female"
"per_adults","NA","NA","NA",44.3988995873453,NA,43.1879300976383,45.6098690770522,"hhh_gender","Male"
"per_adults","NA","NA","NA",49.2909090909091,NA,42.585995789163,55.9958223926552,"hhh_gender","Female"
"hh5","NA","NA","NA",0.331955922865014,NA,0.29767741904969,0.366234426680337,"hhh_gender","Male"
"hh5","NA","NA","NA",0.272727272727273,NA,0.153941576694542,0.391512968760003,"hhh_gender","Female"
"pwd_1","NA","NA","NA",0.270976616231087,NA,0.238645818711926,0.303307413750247,"hhh_gender","Male"
"pwd_1","NA","NA","NA",0.218181818181818,NA,0.108024495408872,0.328339140954764,"hhh_gender","Female"
"chronic_illness","NA","NA","NA",0.602475928473177,NA,0.566877457344234,0.638074399602121,"hhh_gender","Male"
"chronic_illness","NA","NA","NA",0.709090909090909,NA,0.58795279268959,0.830229025492228,"hhh_gender","Female"
"displaced_escalation","NA","NA","NA",0.526822558459422,NA,0.490504386710665,0.56314073020818,"hhh_gender","Male"
"displaced_escalation","NA","NA","NA",0.636363636363636,NA,0.508060420585633,0.76466685214164,"hhh_gender","Female"
"hh6_i","NA","NA","NA",0.620357634112792,NA,0.58505653871753,0.655658729508055,"hhh_gender","Male"
"hh6_i","NA","NA","NA",0.672727272727273,NA,0.547578776308026,0.797875769146519,"hhh_gender","Female"
"hh6_ii","NA","NA","NA",0.303988995873453,NA,0.270529702483671,0.337448289263234,"hhh_gender","Male"
"hh6_ii","NA","NA","NA",0.236363636363636,NA,0.123049304350417,0.349677968376855,"hhh_gender","Female"
"hh6_iii","NA","NA","NA",0.0577716643741403,NA,0.0408003569396741,0.0747429718086065,"hhh_gender","Male"
"hh6_iii","NA","NA","NA",0.0727272727272727,NA,0.00346390479101592,0.14199064066353,"hhh_gender","Female"
"hh6_iv","NA","NA","NA",0.0137551581843191,NA,0.00528278752305183,0.0222275288455864,"hhh_gender","Male"
"hh6_iv","NA","NA","NA",0.0181818181818182,NA,-0.017453890628001,0.0538175269916374,"hhh_gender","Female"
"hh6_v","NA","NA","NA",0.00412654745529574,NA,-0.000536558463974556,0.00878965337456603,"hhh_gender","Male"
"hh6_v","NA","NA","NA",0,NA,0,0,"hhh_gender","Female"
"hh7_i","NA","NA","NA",0.0976616231086657,NA,0.0760679529211797,0.119255293296152,"hhh_gender","Male"
"hh7_i","NA","NA","NA",0.0363636363636364,NA,-0.0135640514740405,0.0862913242013133,"hhh_gender","Female"
"hh7_ii","NA","NA","NA",0.720770288858322,NA,0.688137136225429,0.753403441491214,"hhh_gender","Male"
"hh7_ii","NA","NA","NA",0.872727272727273,NA,0.783836197326483,0.961618348128063,"hhh_gender","Female"
"hh7_iii","NA","NA","NA",0.167812929848693,NA,0.140629580127657,0.194996279569729,"hhh_gender","Male"
"hh7_iii","NA","NA","NA",0.0909090909090909,NA,0.014233253825354,0.167584927992828,"hhh_gender","Female"
"hh7_iv","NA","NA","NA",0.0137551581843191,NA,0.00528278752305178,0.0222275288455865,"hhh_gender","Male"
"hh7_iv","NA","NA","NA",0,NA,0,0,"hhh_gender","Female"
"hh8","NA","NA","NA",0.273858921161826,NA,0.24133121472658,0.306386627597071,"hhh_gender","Male"
"hh8","NA","NA","NA",0.218181818181818,NA,0.108024495408872,0.328339140954764,"hhh_gender","Female"
"fear_eviction_why.lack_funds","NA","NA","NA",0.262626262626263,NA,0.201175413633934,0.324077111618591,"hhh_gender","Male"
"fear_eviction_why.lack_funds","NA","NA","NA",0.166666666666667,NA,-0.0535679081349687,0.386901241468302,"hhh_gender","Female"
"fear_eviction_why.no_longer_hosted","NA","NA","NA",0.242424242424242,NA,0.182580873301893,0.302267611546592,"hhh_gender","Male"
"fear_eviction_why.no_longer_hosted","NA","NA","NA",0.333333333333333,NA,0.054756182976576,0.611910483690091,"hhh_gender","Female"
"fear_eviction_why.unaccepted_by_community","NA","NA","NA",0,NA,0,0,"hhh_gender","Male"
"fear_eviction_why.unaccepted_by_community","NA","NA","NA",0,NA,0,0,"hhh_gender","Female"
"fear_eviction_why.authorities_request","NA","NA","NA",0.0202020202020202,NA,0.000555725773139656,0.0398483146309008,"hhh_gender","Male"
"fear_eviction_why.authorities_request","NA","NA","NA",0,NA,0,0,"hhh_gender","Female"
"fear_eviction_why.owner_request","NA","NA","NA",0.0454545454545455,NA,0.0163673436194664,0.0745417472896245,"hhh_gender","Male"
"fear_eviction_why.owner_request","NA","NA","NA",0.0833333333333333,NA,-0.0799969987116711,0.246663665378338,"hhh_gender","Female"
"fear_eviction_why.no_agreement","NA","NA","NA",0.00505050505050505,NA,-0.00484830295222249,0.0149493130532326,"hhh_gender","Male"
"fear_eviction_why.no_agreement","NA","NA","NA",0,NA,0,0,"hhh_gender","Female"
"fear_eviction_why.inadequate","NA","NA","NA",0.151515151515152,NA,0.101446596717358,0.201583706312945,"hhh_gender","Male"
"fear_eviction_why.inadequate","NA","NA","NA",0.166666666666667,NA,-0.0535679081349687,0.386901241468302,"hhh_gender","Female"
"fear_eviction_why.dispute","NA","NA","NA",0.308080808080808,NA,0.243608237131266,0.372553379030351,"hhh_gender","Male"
"fear_eviction_why.dispute","NA","NA","NA",0.166666666666667,NA,-0.0535679081349688,0.386901241468302,"hhh_gender","Female"
"hh9","NA","NA","NA",0.811554332874828,NA,0.783107648168777,0.840001017580879,"hhh_gender","Male"
"hh9","NA","NA","NA",0.527272727272727,NA,0.394112602155051,0.660432852390404,"hhh_gender","Female"
"food_unrwa","NA","NA","NA",0.491525423728814,NA,0.451151769592026,0.531899077865602,"hhh_gender","Male"
"food_unrwa","NA","NA","NA",0.482758620689655,NA,0.297669571339604,0.667847670039706,"hhh_gender","Female"
"cva_unrwa","NA","NA","NA",0.011864406779661,NA,0.00312017361845559,0.0206086399408664,"hhh_gender","Male"
"cva_unrwa","NA","NA","NA",0,NA,0,0,"hhh_gender","Female"
"cash_qatar","NA","NA","NA",0.386440677966102,NA,0.347116455824948,0.425764900107256,"hhh_gender","Male"
"cash_qatar","NA","NA","NA",0.275862068965517,NA,0.110313390470507,0.441410747460528,"hhh_gender","Female"
"food_ingo","NA","NA","NA",0.011864406779661,NA,0.00312017361845542,0.0206086399408666,"hhh_gender","Male"
"food_ingo","NA","NA","NA",0,NA,0,0,"hhh_gender","Female"
"food_wfp","NA","NA","NA",0.0779661016949152,NA,0.0563131654241503,0.0996190379656802,"hhh_gender","Male"
"food_wfp","NA","NA","NA",0.0689655172413793,NA,-0.0248917612957317,0.16282279577849,"hhh_gender","Female"
"cva_cbo","NA","NA","NA",0,NA,0,0,"hhh_gender","Male"
"cva_cbo","NA","NA","NA",0.0344827586206897,NA,-0.0331022063634501,0.102067723604829,"hhh_gender","Female"
"cva_wfp","NA","NA","NA",0.0169491525423729,NA,0.00652471986921827,0.0273735852155275,"hhh_gender","Male"
"cva_wfp","NA","NA","NA",0.103448275862069,NA,-0.00935413425161756,0.216250685975755,"hhh_gender","Female"
"cva_gov","NA","NA","NA",0.00338983050847458,NA,-0.00130415876525933,0.00808381978220848,"hhh_gender","Male"
"cva_gov","NA","NA","NA",0.0344827586206897,NA,-0.0331022063634501,0.102067723604829,"hhh_gender","Female"
"amm1_i",NA,NA,NA,NA,NA,NA,NA,"hhh_gender","Male"
"amm1_i",NA,NA,NA,NA,NA,NA,NA,"hhh_gender","Female"
"amm1_ii",NA,NA,NA,NA,NA,NA,NA,"hhh_gender","Male"
"amm1_ii",NA,NA,NA,NA,NA,NA,NA,"hhh_gender","Female"
"amm1_iii",NA,NA,NA,NA,NA,NA,NA,"hhh_gender","Male"
"amm1_iii",NA,NA,NA,NA,NA,NA,NA,"hhh_gender","Female"
"amm1_iv",NA,NA,NA,NA,NA,NA,NA,"hhh_gender","Male"
"amm1_iv",NA,NA,NA,NA,NA,NA,NA,"hhh_gender","Female"
"amm1_v",NA,NA,NA,NA,NA,NA,NA,"hhh_gender","Male"
"amm1_v",NA,NA,NA,NA,NA,NA,NA,"hhh_gender","Female"
"amm1_vi",NA,NA,NA,NA,NA,NA,NA,"hhh_gender","Male"
"amm1_vi",NA,NA,NA,NA,NA,NA,NA,"hhh_gender","Female"
"amm1_vii",NA,NA,NA,NA,NA,NA,NA,"hhh_gender","Male"
"amm1_vii",NA,NA,NA,NA,NA,NA,NA,"hhh_gender","Female"
"amm1_viii",NA,NA,NA,NA,NA,NA,NA,"hhh_gender","Male"
"amm1_viii",NA,NA,NA,NA,NA,NA,NA,"hhh_gender","Female"
"amm1_ix",NA,NA,NA,NA,NA,NA,NA,"hhh_gender","Male"
"amm1_ix",NA,NA,NA,NA,NA,NA,NA,"hhh_gender","Female"
"amm1_x",NA,NA,NA,NA,NA,NA,NA,"hhh_gender","Male"
"amm1_x",NA,NA,NA,NA,NA,NA,NA,"hhh_gender","Female"
"amm1_xi",NA,NA,NA,NA,NA,NA,NA,"hhh_gender","Male"
"amm1_xi",NA,NA,NA,NA,NA,NA,NA,"hhh_gender","Female"
"amm1_xii",NA,NA,NA,NA,NA,NA,NA,"hhh_gender","Male"
"amm1_xii",NA,NA,NA,NA,NA,NA,NA,"hhh_gender","Female"
"amm2_i","NA","NA","NA",0.995626822157434,NA,0.990685426050147,1.00056821826472,"hhh_gender","Male"
"amm2_i","NA","NA","NA",1,NA,1,1,"hhh_gender","Female"
"cash_barriers.insufficient_money","NA","NA","NA",0.995626822157434,NA,0.990685426050147,1.00056821826472,"hhh_gender","Male"
"cash_barriers.insufficient_money","NA","NA","NA",1,NA,1,1,"hhh_gender","Female"
"cash_barriers.distance","NA","NA","NA",0.00291545189504373,NA,-0.00112213366253301,0.00695303745262047,"hhh_gender","Male"
"cash_barriers.distance","NA","NA","NA",0.0212765957446809,NA,-0.0204247656285118,0.0629779571178735,"hhh_gender","Female"
"cash_barriers.security_situation","NA","NA","NA",0.00291545189504373,NA,-0.00112213366253298,0.00695303745262044,"hhh_gender","Male"
"cash_barriers.security_situation","NA","NA","NA",0,NA,0,0,"hhh_gender","Female"
"cash_barriers.social_discrimination","NA","NA","NA",0,NA,0,0,"hhh_gender","Male"
"cash_barriers.social_discrimination","NA","NA","NA",0,NA,0,0,"hhh_gender","Female"
"cash_barriers.insufficient_goods","NA","NA","NA",0.00291545189504373,NA,-0.00112213366253297,0.00695303745262043,"hhh_gender","Male"
"cash_barriers.insufficient_goods","NA","NA","NA",0,NA,0,0,"hhh_gender","Female"
"cash_barriers.poor_quality","NA","NA","NA",0.00145772594752187,NA,-0.00139936440895049,0.00431481630399422,"hhh_gender","Male"
"cash_barriers.poor_quality","NA","NA","NA",0,NA,0,0,"hhh_gender","Female"
"amm2_ii","NA","NA","NA",1,NA,1,1,"hhh_gender","Male"
"amm2_ii","NA","NA","NA",1,NA,1,1,"hhh_gender","Female"
"food_barriers.insufficient_money","NA","NA","NA",0.99820788530466,NA,0.994695405045627,1.00172036556369,"hhh_gender","Male"
"food_barriers.insufficient_money","NA","NA","NA",1,NA,1,1,"hhh_gender","Female"
"food_barriers.distance","NA","NA","NA",0.0017921146953405,NA,-0.00172036556369186,0.00530459495437286,"hhh_gender","Male"
"food_barriers.distance","NA","NA","NA",0,NA,0,0,"hhh_gender","Female"
"food_barriers.security_situation","NA","NA","NA",0,NA,0,0,"hhh_gender","Male"
"food_barriers.security_situation","NA","NA","NA",0,NA,0,0,"hhh_gender","Female"
"food_barriers.social_discrimination","NA","NA","NA",0.003584229390681,NA,-0.00137870676210484,0.00854716554346684,"hhh_gender","Male"
"food_barriers.social_discrimination","NA","NA","NA",0,NA,0,0,"hhh_gender","Female"
"food_barriers.insufficient_goods","NA","NA","NA",0.0017921146953405,NA,-0.00172036556369186,0.00530459495437287,"hhh_gender","Male"
"food_barriers.insufficient_goods","NA","NA","NA",0.03125,NA,-0.0299988745168767,0.0924988745168767,"hhh_gender","Female"
"food_barriers.poor_quality","NA","NA","NA",0,NA,0,0,"hhh_gender","Male"
"food_barriers.poor_quality","NA","NA","NA",0,NA,0,0,"hhh_gender","Female"
"amm2_iii","NA","NA","NA",1,NA,1,1,"hhh_gender","Male"
"amm2_iii","NA","NA","NA",1,NA,1,1,"hhh_gender","Female"
"shelter_barriers",NA,NA,NA,NA,NA,NA,NA,"hhh_gender","Male"
"shelter_barriers",NA,NA,NA,NA,NA,NA,NA,"hhh_gender","Female"
"shelter_barriers.insufficient_money","NA","NA","NA",0.995983935742972,NA,0.988112594439598,1.00385527704635,"hhh_gender","Male"
"shelter_barriers.insufficient_money","NA","NA","NA",1,NA,1,1,"hhh_gender","Female"
"shelter_barriers.distance","NA","NA","NA",0,NA,0,0,"hhh_gender","Male"
"shelter_barriers.distance","NA","NA","NA",0.05,NA,-0.0479981992270027,0.147998199227003,"hhh_gender","Female"
"shelter_barriers.security_situation","NA","NA","NA",0,NA,0,0,"hhh_gender","Male"
"shelter_barriers.security_situation","NA","NA","NA",0,NA,0,0,"hhh_gender","Female"
"shelter_barriers.social_discrimination","NA","NA","NA",0,NA,0,0,"hhh_gender","Male"
"shelter_barriers.social_discrimination","NA","NA","NA",0,NA,0,0,"hhh_gender","Female"
"shelter_barriers.insufficient_goods","NA","NA","NA",0.00401606425702811,NA,-0.00385527704634559,0.0118874055604018,"hhh_gender","Male"
"shelter_barriers.insufficient_goods","NA","NA","NA",0,NA,0,0,"hhh_gender","Female"
"amm2_iv","NA","NA","NA",1,NA,1,1,"hhh_gender","Male"
"amm2_iv","NA","NA","NA",1,NA,1,1,"hhh_gender","Female"
"water_barriers",NA,NA,NA,NA,NA,NA,NA,"hhh_gender","Male"
"water_barriers",NA,NA,NA,NA,NA,NA,NA,"hhh_gender","Female"
"water_barriers.insufficient_money","NA","NA","NA",0.980392156862745,NA,0.958350658045435,1.00243365568006,"hhh_gender","Male"
"water_barriers.insufficient_money","NA","NA","NA",1,NA,1,1,"hhh_gender","Female"
"water_barriers.distance","NA","NA","NA",0.0130718954248366,NA,-0.00498480270905218,0.0311285935587254,"hhh_gender","Male"
"water_barriers.distance","NA","NA","NA",0.1,NA,-0.0959963984540054,0.295996398454005,"hhh_gender","Female"
"water_barriers.security_situation","NA","NA","NA",0,NA,0,0,"hhh_gender","Male"
"water_barriers.security_situation","NA","NA","NA",0,NA,0,0,"hhh_gender","Female"
"water_barriers.social_discrimination","NA","NA","NA",0,NA,0,0,"hhh_gender","Male"
"water_barriers.social_discrimination","NA","NA","NA",0,NA,0,0,"hhh_gender","Female"
"water_barriers.insufficient_goods","NA","NA","NA",0,NA,0,0,"hhh_gender","Male"
"water_barriers.insufficient_goods","NA","NA","NA",0,NA,0,0,"hhh_gender","Female"
"amm2_v","NA","NA","NA",1,NA,1,1,"hhh_gender","Male"
"amm2_v","NA","NA","NA",1,NA,1,1,"hhh_gender","Female"
"hygiene_barriers.insufficient_money","NA","NA","NA",0.997830802603037,NA,0.993579253829631,1.00208235137644,"hhh_gender","Male"
"hygiene_barriers.insufficient_money","NA","NA","NA",1,NA,1,1,"hhh_gender","Female"
"hygiene_barriers.distance","NA","NA","NA",0.00216919739696312,NA,-0.00208235137644267,0.00642074617036891,"hhh_gender","Male"
"hygiene_barriers.distance","NA","NA","NA",0,NA,0,0,"hhh_gender","Female"
"hygiene_barriers.security_situation","NA","NA","NA",0,NA,0,0,"hhh_gender","Male"
"hygiene_barriers.security_situation","NA","NA","NA",0,NA,0,0,"hhh_gender","Female"
"hygiene_barriers.social_discrimination","NA","NA","NA",0,NA,0,0,"hhh_gender","Male"
"hygiene_barriers.social_discrimination","NA","NA","NA",0,NA,0,0,"hhh_gender","Female"
"hygiene_barriers.insufficient_goods","NA","NA","NA",0,NA,0,0,"hhh_gender","Male"
"hygiene_barriers.insufficient_goods","NA","NA","NA",0,NA,0,0,"hhh_gender","Female"
"hygiene_barriers.poor_quality","NA","NA","NA",0.00216919739696312,NA,-0.0020823513764427,0.00642074617036895,"hhh_gender","Male"
"hygiene_barriers.poor_quality","NA","NA","NA",0,NA,0,0,"hhh_gender","Female"
"amm2_vi","NA","NA","NA",1,NA,1,1,"hhh_gender","Male"
"amm2_vi","NA","NA","NA",1,NA,1,1,"hhh_gender","Female"
"health_barriers.insufficient_money","NA","NA","NA",0.992700729927007,NA,0.985567219261866,0.999834240592149,"hhh_gender","Male"
"health_barriers.insufficient_money","NA","NA","NA",1,NA,1,1,"hhh_gender","Female"
"health_barriers.distance","NA","NA","NA",0.00547445255474453,NA,-0.000709024418734426,0.0116579295282235,"hhh_gender","Male"
"health_barriers.distance","NA","NA","NA",0,NA,0,0,"hhh_gender","Female"
"health_barriers.security_situation","NA","NA","NA",0,NA,0,0,"hhh_gender","Male"
"health_barriers.security_situation","NA","NA","NA",0,NA,0,0,"hhh_gender","Female"
"health_barriers.social_discrimination","NA","NA","NA",0,NA,0,0,"hhh_gender","Male"
"health_barriers.social_discrimination","NA","NA","NA",0,NA,0,0,"hhh_gender","Female"
"health_barriers.insufficient_goods","NA","NA","NA",0.0802919708029197,NA,0.0575192209412225,0.103064720664617,"hhh_gender","Male"
"health_barriers.insufficient_goods","NA","NA","NA",0.09375,NA,-0.00885697686990497,0.196356976869905,"hhh_gender","Female"
"health_barriers.poor_quality","NA","NA","NA",0.0492700729927007,NA,0.0311326904447741,0.0674074555406273,"hhh_gender","Male"
"health_barriers.poor_quality","NA","NA","NA",0.03125,NA,-0.0299988745168767,0.0924988745168767,"hhh_gender","Female"
"amm2_vii","NA","NA","NA",1,NA,1,1,"hhh_gender","Male"
"amm2_vii","NA","NA","NA",1,NA,1,1,"hhh_gender","Female"
"edu_barriers.insufficient_money","NA","NA","NA",0.997716894977169,NA,0.993242091359497,1.00219169859484,"hhh_gender","Male"
"edu_barriers.insufficient_money","NA","NA","NA",1,NA,1,1,"hhh_gender","Female"
"edu_barriers.distance","NA","NA","NA",0.00228310502283105,NA,-0.00219169859484033,0.00675790864050243,"hhh_gender","Male"
"edu_barriers.distance","NA","NA","NA",0,NA,0,0,"hhh_gender","Female"
"edu_barriers.security_situation","NA","NA","NA",0,NA,0,0,"hhh_gender","Male"
"edu_barriers.security_situation","NA","NA","NA",0,NA,0,0,"hhh_gender","Female"
"edu_barriers.social_discrimination","NA","NA","NA",0,NA,0,0,"hhh_gender","Male"
"edu_barriers.social_discrimination","NA","NA","NA",0,NA,0,0,"hhh_gender","Female"
"edu_barriers.insufficient_goods","NA","NA","NA",0,NA,0,0,"hhh_gender","Male"
"edu_barriers.insufficient_goods","NA","NA","NA",0,NA,0,0,"hhh_gender","Female"
"edu_barriers.poor_quality","NA","NA","NA",0,NA,0,0,"hhh_gender","Male"
"edu_barriers.poor_quality","NA","NA","NA",0,NA,0,0,"hhh_gender","Female"
"amm2_viii","NA","NA","NA",1,NA,1,1,"hhh_gender","Male"
"amm2_viii","NA","NA","NA",1,NA,1,1,"hhh_gender","Female"
"energy_barriers.insufficient_money","NA","NA","NA",0.997816593886463,NA,0.993537196540305,1.00209599123262,"hhh_gender","Male"
"energy_barriers.insufficient_money","NA","NA","NA",1,NA,1,1,"hhh_gender","Female"
"energy_barriers.distance","NA","NA","NA",0.00218340611353712,NA,-0.00209599123262021,0.00646280345969444,"hhh_gender","Male"
"energy_barriers.distance","NA","NA","NA",0,NA,0,0,"hhh_gender","Female"
"energy_barriers.security_situation","NA","NA","NA",0,NA,0,0,"hhh_gender","Male"
"energy_barriers.security_situation","NA","NA","NA",0,NA,0,0,"hhh_gender","Female"
"energy_barriers.social_discrimination","NA","NA","NA",0.00218340611353712,NA,-0.00209599123262021,0.00646280345969444,"hhh_gender","Male"
"energy_barriers.social_discrimination","NA","NA","NA",0,NA,0,0,"hhh_gender","Female"
"energy_barriers.insufficient_goods","NA","NA","NA",0,NA,0,0,"hhh_gender","Male"
"energy_barriers.insufficient_goods","NA","NA","NA",0,NA,0,0,"hhh_gender","Female"
"energy_barriers.poor_quality","NA","NA","NA",0,NA,0,0,"hhh_gender","Male"
"energy_barriers.poor_quality","NA","NA","NA",0,NA,0,0,"hhh_gender","Female"
"amm2_ix","NA","NA","NA",1,NA,1,1,"hhh_gender","Male"
"amm2_ix","NA","NA","NA",1,NA,1,1,"hhh_gender","Female"
"transportation_barriers.insufficient_money","NA","NA","NA",1,NA,1,1,"hhh_gender","Male"
"transportation_barriers.insufficient_money","NA","NA","NA",1,NA,1,1,"hhh_gender","Female"
"transportation_barriers.distance","NA","NA","NA",0,NA,0,0,"hhh_gender","Male"
"transportation_barriers.distance","NA","NA","NA",0,NA,0,0,"hhh_gender","Female"
"transportation_barriers.security_situation","NA","NA","NA",0,NA,0,0,"hhh_gender","Male"
"transportation_barriers.security_situation","NA","NA","NA",0,NA,0,0,"hhh_gender","Female"
"transportation_barriers.social_discrimination","NA","NA","NA",0,NA,0,0,"hhh_gender","Male"
"transportation_barriers.social_discrimination","NA","NA","NA",0,NA,0,0,"hhh_gender","Female"
"transportation_barriers.insufficient_goods","NA","NA","NA",0,NA,0,0,"hhh_gender","Male"
"transportation_barriers.insufficient_goods","NA","NA","NA",0,NA,0,0,"hhh_gender","Female"
"transportation_barriers.poor_quality","NA","NA","NA",0.00204498977505112,NA,-0.00196311653280174,0.00605309608290399,"hhh_gender","Male"
"transportation_barriers.poor_quality","NA","NA","NA",0,NA,0,0,"hhh_gender","Female"
"amm2_x","NA","NA","NA",1,NA,1,1,"hhh_gender","Male"
"amm2_x","NA","NA","NA",1,NA,1,1,"hhh_gender","Female"
"hh_items_barriers.insufficient_money","NA","NA","NA",1,NA,1,1,"hhh_gender","Male"
"hh_items_barriers.insufficient_money","NA","NA","NA",1,NA,1,1,"hhh_gender","Female"
"hh_items_barriers.distance","NA","NA","NA",0,NA,0,0,"hhh_gender","Male"
"hh_items_barriers.distance","NA","NA","NA",0,NA,0,0,"hhh_gender","Female"
"hh_items_barriers.security_situation","NA","NA","NA",0,NA,0,0,"hhh_gender","Male"
"hh_items_barriers.security_situation","NA","NA","NA",0,NA,0,0,"hhh_gender","Female"
"hh_items_barriers.social_discrimination","NA","NA","NA",0.0016,NA,-0.00153594237526402,0.00473594237526402,"hhh_gender","Male"
"hh_items_barriers.social_discrimination","NA","NA","NA",0,NA,0,0,"hhh_gender","Female"
"hh_items_barriers.insufficient_goods","NA","NA","NA",0.0016,NA,-0.00153594237526406,0.00473594237526406,"hhh_gender","Male"
"hh_items_barriers.insufficient_goods","NA","NA","NA",0,NA,0,0,"hhh_gender","Female"
"hh_items_barriers.poor_quality","NA","NA","NA",0,NA,0,0,"hhh_gender","Male"
"hh_items_barriers.poor_quality","NA","NA","NA",0,NA,0,0,"hhh_gender","Female"
"amm2_xi","NA","NA","NA",1,NA,1,1,"hhh_gender","Male"
"amm2_xi","NA","NA","NA",1,NA,1,1,"hhh_gender","Female"
"comms_barriers.insufficient_money","NA","NA","NA",1,NA,1,1,"hhh_gender","Male"
"comms_barriers.insufficient_money","NA","NA","NA",1,NA,1,1,"hhh_gender","Female"
"comms_barriers.distance","NA","NA","NA",0.00177619893428064,NA,-0.00170508700628782,0.0052574848748491,"hhh_gender","Male"
"comms_barriers.distance","NA","NA","NA",0,NA,0,0,"hhh_gender","Female"
"comms_barriers.security_situation","NA","NA","NA",0.00177619893428064,NA,-0.00170508700628784,0.00525748487484912,"hhh_gender","Male"
"comms_barriers.security_situation","NA","NA","NA",0,NA,0,0,"hhh_gender","Female"
"comms_barriers.social_discrimination","NA","NA","NA",0.00177619893428064,NA,-0.00170508700628782,0.00525748487484909,"hhh_gender","Male"
"comms_barriers.social_discrimination","NA","NA","NA",0,NA,0,0,"hhh_gender","Female"
"comms_barriers.insufficient_goods","NA","NA","NA",0,NA,0,0,"hhh_gender","Male"
"comms_barriers.insufficient_goods","NA","NA","NA",0,NA,0,0,"hhh_gender","Female"
"comms_barriers.poor_quality","NA","NA","NA",0,NA,0,0,"hhh_gender","Male"
"comms_barriers.poor_quality","NA","NA","NA",0,NA,0,0,"hhh_gender","Female"
"amm2_xii","NA","NA","NA",1,NA,1,1,"hhh_gender","Male"
"amm2_xii","NA","NA","NA",1,NA,1,1,"hhh_gender","Female"
"debt_barriers.insufficient_money","NA","NA","NA",0.997155049786629,NA,0.993215031688257,1.001095067885,"hhh_gender","Male"
"debt_barriers.insufficient_money","NA","NA","NA",1,NA,1,1,"hhh_gender","Female"
"debt_barriers.distance","NA","NA","NA",0.00142247510668563,NA,-0.00136552487132291,0.00421047508469418,"hhh_gender","Male"
"debt_barriers.distance","NA","NA","NA",0,NA,0,0,"hhh_gender","Female"
"debt_barriers.security_situation","NA","NA","NA",0,NA,0,0,"hhh_gender","Male"
"debt_barriers.security_situation","NA","NA","NA",0,NA,0,0,"hhh_gender","Female"
"debt_barriers.social_discrimination","NA","NA","NA",0.00284495021337127,NA,-0.00109506788500096,0.00678496831174349,"hhh_gender","Male"
"debt_barriers.social_discrimination","NA","NA","NA",0,NA,0,0,"hhh_gender","Female"
"debt_barriers.insufficient_goods","NA","NA","NA",0.00284495021337127,NA,-0.00109506788500094,0.00678496831174347,"hhh_gender","Male"
"debt_barriers.insufficient_goods","NA","NA","NA",0,NA,0,0,"hhh_gender","Female"
"debt_barriers.poor_quality","NA","NA","NA",0.00142247510668563,NA,-0.00136552487132297,0.00421047508469423,"hhh_gender","Male"
"debt_barriers.poor_quality","NA","NA","NA",0,NA,0,0,"hhh_gender","Female"
"amm3_i","NA","NA","NA",0.952712100139082,NA,0.937186738585636,0.968237461692528,"hhh_gender","Male"
"amm3_i","NA","NA","NA",0.905660377358491,NA,0.826213621023921,0.98510713369306,"hhh_gender","Female"
"amm3_ii","NA","NA","NA",0.246861924686192,NA,0.215278738735737,0.278445110636648,"hhh_gender","Male"
"amm3_ii","NA","NA","NA",0.150943396226415,NA,0.053641388856954,0.248245403595876,"hhh_gender","Female"
"amm3_iii","NA","NA","NA",0.669889502762431,NA,0.635611919380878,0.704167086143983,"hhh_gender","Male"
"amm3_iii","NA","NA","NA",0.685185185185185,NA,0.560147271370436,0.810223098999934,"hhh_gender","Female"
"amm3_iv","NA","NA","NA",0.0828729281767956,NA,0.0627773715113801,0.102968484842211,"hhh_gender","Male"
"amm3_iv","NA","NA","NA",0.109090909090909,NA,0.0259409218679977,0.19224089631382,"hhh_gender","Female"
"amm3_v","NA","NA","NA",0.141831238779174,NA,0.112832240646291,0.170830236912057,"hhh_gender","Male"
"amm3_v","NA","NA","NA",0.0697674418604651,NA,-0.00727776282086887,0.146812646541799,"hhh_gender","Female"
"amm3_vi","NA","NA","NA",0.0320284697508897,NA,0.0174582518354596,0.0465986876663197,"hhh_gender","Male"
"amm3_vi","NA","NA","NA",0.024390243902439,NA,-0.0234137557204891,0.0721942435253672,"hhh_gender","Female"
"amm3_vii","NA","NA","NA",0.722758620689655,NA,0.690152098942328,0.755365142436982,"hhh_gender","Male"
"amm3_vii","NA","NA","NA",0.690909090909091,NA,0.567654024333316,0.814164157484866,"hhh_gender","Female"
"amm4_i","NA","NA","NA",0.951754385964912,NA,0.935683896601837,0.967824875327988,"hhh_gender","Male"
"amm4_i","NA","NA","NA",0.833333333333333,NA,0.726788372559237,0.93987829410743,"hhh_gender","Female"
"amm4_ii","NA","NA","NA",0.988700564971751,NA,0.973085186565204,1.0043159433783,"hhh_gender","Male"
"amm4_ii","NA","NA","NA",0.875,NA,0.630004501932493,1.11999549806751,"hhh_gender","Female"
"amm4_iii","NA","NA","NA",0.964948453608247,NA,0.948564034112592,0.981332873103903,"hhh_gender","Male"
"amm4_iii","NA","NA","NA",0.864864864864865,NA,0.753190084269448,0.976539645460281,"hhh_gender","Female"
"amm4_iv","NA","NA","NA",0.816666666666667,NA,0.71793301097489,0.915400322358444,"hhh_gender","Male"
"amm4_iv","NA","NA","NA",0.666666666666667,NA,0.253469978463626,1.07986335486971,"hhh_gender","Female"
"amm4_v","NA","NA","NA",0.949367088607595,NA,0.90071132130911,0.99802285590608,"hhh_gender","Male"
"amm4_v","NA","NA","NA",1,NA,1,1,"hhh_gender","Female"
"amm4_vi","NA","NA","NA",0.944444444444444,NA,0.835557556414441,1.05333133247445,"hhh_gender","Male"
"amm4_vi",NA,NA,NA,NA,NA,NA,NA,"hhh_gender","Female"
"amm4_vii","NA","NA","NA",0.978967495219885,NA,0.966657936801979,0.991277053637791,"hhh_gender","Male"
"amm4_vii","NA","NA","NA",0.921052631578947,NA,0.834164935436735,1.00794032772116,"hhh_gender","Female"
"amm4","NA","NA","NA",0.983379501385042,NA,0.974047752178814,0.992711250591269,"hhh_gender","Male"
"amm4","NA","NA","NA",0.945454545454545,NA,0.884885487253886,1.0060236036552,"hhh_gender","Female"
"access1","NA","NA","NA",0.927097661623109,NA,0.908186715694077,0.946008607552141,"hhh_gender","Male"
"access1","NA","NA","NA",0.890909090909091,NA,0.807759103686179,0.974059078132002,"hhh_gender","Female"
"access2_i","NA","NA","NA",0.30188679245283,NA,0.177110693671286,0.426662891234374,"hhh_gender","Male"
"access2_i","NA","NA","NA",0.333333333333333,NA,-0.0798633548697076,0.746530021536374,"hhh_gender","Female"
"access2_ii","NA","NA","NA",0.339622641509434,NA,0.21090418472595,0.468341098292918,"hhh_gender","Male"
"access2_ii","NA","NA","NA",0.166666666666667,NA,-0.159993997423342,0.493327330756676,"hhh_gender","Female"
"access2_iii","NA","NA","NA",0.358490566037736,NA,0.228147837345796,0.488833294729676,"hhh_gender","Male"
"access2_iii","NA","NA","NA",0.5,NA,0.0617387297117094,0.938261270288291,"hhh_gender","Female"
"access3","NA","NA","NA",0.983493810178817,NA,0.974225746400429,0.992761873957205,"hhh_gender","Male"
"access3","NA","NA","NA",0.963636363636364,NA,0.913708675798687,1.01356405147404,"hhh_gender","Female"
"escalation_priorities.food","NA","NA","NA",0.943603851444292,NA,0.926823565543357,0.960384137345226,"hhh_gender","Male"
"escalation_priorities.food","NA","NA","NA",0.927272727272727,NA,0.85800935933647,0.996536095208984,"hhh_gender","Female"
"escalation_priorities.shelter","NA","NA","NA",0.481430536451169,NA,0.445085085046944,0.517775987855394,"hhh_gender","Male"
"escalation_priorities.shelter","NA","NA","NA",0.381818181818182,NA,0.252238285682413,0.51139807795395,"hhh_gender","Female"
"escalation_priorities.water","NA","NA","NA",0.105914718019257,NA,0.0835302173658684,0.128299218672646,"hhh_gender","Male"
"escalation_priorities.water","NA","NA","NA",0.345454545454545,NA,0.218626128278199,0.472282962630892,"hhh_gender","Female"
"escalation_priorities.hygiene","NA","NA","NA",0.134800550206327,NA,0.109958711916324,0.159642388496331,"hhh_gender","Male"
"escalation_priorities.hygiene","NA","NA","NA",0.145454545454545,NA,0.0514210794719092,0.239488011437182,"hhh_gender","Female"
"escalation_priorities.health","NA","NA","NA",0.510316368638239,NA,0.473953568108805,0.546679169167674,"hhh_gender","Male"
"escalation_priorities.health","NA","NA","NA",0.4,NA,0.269335734363996,0.530664265636004,"hhh_gender","Female"
"escalation_priorities.energy","NA","NA","NA",0.213204951856946,NA,0.183412295087152,0.242997608626741,"hhh_gender","Male"
"escalation_priorities.energy","NA","NA","NA",0.254545454545455,NA,0.138361951212317,0.370728957878592,"hhh_gender","Female"
"escalation_priorities.transportation","NA","NA","NA",0.0398899587345255,NA,0.025654479896381,0.0541254375726699,"hhh_gender","Male"
"escalation_priorities.transportation","NA","NA","NA",0.0727272727272727,NA,0.00346390479101592,0.14199064066353,"hhh_gender","Female"
"escalation_priorities.hh_items","NA","NA","NA",0.233837689133425,NA,0.203048558371272,0.264626819895578,"hhh_gender","Male"
"escalation_priorities.hh_items","NA","NA","NA",0.236363636363636,NA,0.123049304350417,0.349677968376855,"hhh_gender","Female"
"escalation_priorities.communication","NA","NA","NA",0.00825309491059147,NA,0.00167214436229254,0.0148340454588904,"hhh_gender","Male"
"escalation_priorities.communication","NA","NA","NA",0.0181818181818182,NA,-0.017453890628001,0.0538175269916374,"hhh_gender","Female"
"escalation_priorities.legal_services","NA","NA","NA",0.00275103163686382,NA,-0.00105900692222237,0.00656107019595001,"hhh_gender","Male"
"escalation_priorities.legal_services","NA","NA","NA",0,NA,0,0,"hhh_gender","Female"
"shocks2","NA","NA","NA",0.980742778541953,NA,0.970746136239162,0.990739420844745,"hhh_gender","Male"
"shocks2","NA","NA","NA",0.981818181818182,NA,0.946182473008363,1.017453890628,"hhh_gender","Female"
"shock3","NA","NA","NA",0.0192572214580468,NA,0.00926057915525523,0.0292538637608383,"hhh_gender","Male"
"shock3","NA","NA","NA",0.0181818181818182,NA,-0.017453890628001,0.0538175269916374,"hhh_gender","Female"
"shock3_i","NA","NA","NA",0.928571428571428,NA,0.788574001104282,1.06856885603858,"hhh_gender","Male"
"shock3_i",NA,NA,NA,NA,NA,NA,NA,"hhh_gender","Female"
"shock3_ii","NA","NA","NA",0,NA,0,0,"hhh_gender","Male"
"shock3_ii",NA,NA,NA,NA,NA,NA,NA,"hhh_gender","Female"
"shock3_iii","NA","NA","NA",0,NA,0,0,"hhh_gender","Male"
"shock3_iii",NA,NA,NA,NA,NA,NA,NA,"hhh_gender","Female"
"shock3_iv","NA","NA","NA",0,NA,0,0,"hhh_gender","Male"
"shock3_iv",NA,NA,NA,NA,NA,NA,NA,"hhh_gender","Female"
"shock3_v","NA","NA","NA",0.0714285714285714,NA,-0.0685688560385753,0.211425998895718,"hhh_gender","Male"
"shock3_v",NA,NA,NA,NA,NA,NA,NA,"hhh_gender","Female"
"shock3_vi","NA","NA","NA",0,NA,0,0,"hhh_gender","Male"
"shock3_vi",NA,NA,NA,NA,NA,NA,NA,"hhh_gender","Female"
"shock5","NA","NA","NA",0.667125171939477,NA,0.632846505176126,0.701403838702829,"hhh_gender","Male"
"shock5","NA","NA","NA",0.654545454545455,NA,0.527717037369108,0.781373871721802,"hhh_gender","Female"
"type_of_shock.medical_expenses","NA","NA","NA",0.620618556701031,NA,0.577389492835479,0.663847620566583,"hhh_gender","Male"
"type_of_shock.medical_expenses","NA","NA","NA",0.722222222222222,NA,0.573834406490626,0.870610037953818,"hhh_gender","Female"
"type_of_shock.loss_of_employment","NA","NA","NA",0.0247422680412371,NA,0.0109032630810418,0.0385812730014324,"hhh_gender","Male"
"type_of_shock.loss_of_employment","NA","NA","NA",0,NA,0,0,"hhh_gender","Female"
"type_of_shock.loss_of_inventory","NA","NA","NA",0,NA,0,0,"hhh_gender","Male"
"type_of_shock.loss_of_inventory","NA","NA","NA",0,NA,0,0,"hhh_gender","Female"
"type_of_shock.new_hh_members","NA","NA","NA",0.0391752577319588,NA,0.021890892670983,0.0564596227929345,"hhh_gender","Male"
"type_of_shock.new_hh_members","NA","NA","NA",0,NA,0,0,"hhh_gender","Female"
"type_of_shock.repair_hh_items","NA","NA","NA",0.292783505154639,NA,0.252244330383141,0.333322679926137,"hhh_gender","Male"
"type_of_shock.repair_hh_items","NA","NA","NA",0.25,NA,0.106545325338315,0.393454674661685,"hhh_gender","Female"
"type_of_shock.repair_hh_productive_assets","NA","NA","NA",0.00618556701030928,NA,-0.000799455629339642,0.0131705896499582,"hhh_gender","Male"
"type_of_shock.repair_hh_productive_assets","NA","NA","NA",0,NA,0,0,"hhh_gender","Female"
"type_of_shock.education_expense","NA","NA","NA",0.0824742268041237,NA,0.0579670280604313,0.106981425547816,"hhh_gender","Male"
"type_of_shock.education_expense","NA","NA","NA",0.138888888888889,NA,0.0243171730557463,0.253460604722031,"hhh_gender","Female"
"type_of_shock.shelter_expense","NA","NA","NA",0.28659793814433,NA,0.246314259656355,0.326881616632305,"hhh_gender","Male"
"type_of_shock.shelter_expense","NA","NA","NA",0.25,NA,0.106545325338315,0.393454674661685,"hhh_gender","Female"
"type_of_shock.debt_repayment","NA","NA","NA",0.542268041237113,NA,0.497882856371871,0.586653226102355,"hhh_gender","Male"
"type_of_shock.debt_repayment","NA","NA","NA",0.388888888888889,NA,0.227383534034356,0.550394243743421,"hhh_gender","Female"
"shocks6_i","NA","NA","NA",0.986666666666667,NA,0.973665955992753,0.999667377340581,"hhh_gender","Male"
"shocks6_i","NA","NA","NA",1,NA,1,1,"hhh_gender","Female"
"shocks6_ii","NA","NA","NA",1,NA,1,1,"hhh_gender","Male"
"shocks6_ii",NA,NA,NA,NA,NA,NA,NA,"hhh_gender","Female"
"shocks6_iv","NA","NA","NA",1,NA,1,1,"hhh_gender","Male"
"shocks6_iv",NA,NA,NA,NA,NA,NA,NA,"hhh_gender","Female"
"shocks6_v","NA","NA","NA",0.985714285714286,NA,0.965987006284416,1.00544156514416,"hhh_gender","Male"
"shocks6_v","NA","NA","NA",1,NA,1,1,"hhh_gender","Female"
"shocks6_vi",NA,NA,NA,NA,NA,NA,NA,"hhh_gender","Male"
"shocks6_vi",NA,NA,NA,NA,NA,NA,NA,"hhh_gender","Female"
"shocks6_vii","NA","NA","NA",1,NA,1,1,"hhh_gender","Male"
"shocks6_vii","NA","NA","NA",0.8,NA,0.408007203091989,1.19199279690801,"hhh_gender","Female"
"shocks6_viii","NA","NA","NA",0.933823529411765,NA,0.891889614116675,0.975757444706854,"hhh_gender","Male"
"shocks6_viii","NA","NA","NA",1,NA,1,1,"hhh_gender","Female"
"shocks6_ix","NA","NA","NA",0.984790874524715,NA,0.969971783195464,0.999609965853966,"hhh_gender","Male"
"shocks6_ix","NA","NA","NA",1,NA,1,1,"hhh_gender","Female"
"shocks6","NA","NA","NA",0.977324263038549,NA,0.963414433803176,0.991234092273922,"hhh_gender","Male"
"shocks6","NA","NA","NA",1,NA,1,1,"hhh_gender","Female"
"hh21_i","NA","NA","NA",0.0729023383768913,NA,0.0539913924478594,0.0918132843059233,"hhh_gender","Male"
"hh21_i","NA","NA","NA",0.0181818181818182,NA,-0.017453890628001,0.0538175269916374,"hhh_gender","Female"
"hh21_ii","NA","NA","NA",0.00550206327372765,NA,0.000121292214225533,0.0108828343332298,"hhh_gender","Male"
"hh21_ii","NA","NA","NA",0.0181818181818182,NA,-0.017453890628001,0.0538175269916374,"hhh_gender","Female"
"hh21_iii","NA","NA","NA",0.00137551581843191,NA,-0.00132044564585977,0.00407147728272359,"hhh_gender","Male"
"hh21_iii","NA","NA","NA",0,NA,0,0,"hhh_gender","Female"
"hh21_iv","NA","NA","NA",0.303988995873453,NA,0.270529702483671,0.337448289263234,"hhh_gender","Male"
"hh21_iv","NA","NA","NA",0.218181818181818,NA,0.108024495408872,0.328339140954764,"hhh_gender","Female"
"hh21_v","NA","NA","NA",0.031636863823934,NA,0.0189048935085714,0.0443688341392966,"hhh_gender","Male"
"hh21_v","NA","NA","NA",0.0181818181818182,NA,-0.017453890628001,0.0538175269916374,"hhh_gender","Female"
"hh21_vi","NA","NA","NA",0,NA,0,0,"hhh_gender","Male"
"hh21_vi","NA","NA","NA",0,NA,0,0,"hhh_gender","Female"
"hh21_vii","NA","NA","NA",0.00137551581843191,NA,-0.00132044564585977,0.00407147728272359,"hhh_gender","Male"
"hh21_vii","NA","NA","NA",0,NA,0,0,"hhh_gender","Female"
"hh21_viii","NA","NA","NA",0.1939477303989,NA,0.165186746818844,0.222708713978955,"hhh_gender","Male"
"hh21_viii","NA","NA","NA",0.0909090909090909,NA,0.014233253825354,0.167584927992828,"hhh_gender","Female"
"hh21_ix","NA","NA","NA",0.0137551581843191,NA,0.00528278752305182,0.0222275288455864,"hhh_gender","Male"
"hh21_ix","NA","NA","NA",0.0363636363636364,NA,-0.0135640514740406,0.0862913242013133,"hhh_gender","Female"
"hh21_x","NA","NA","NA",0.00687757909215956,NA,0.00086585596454886,0.0128893022197703,"hhh_gender","Male"
"hh21_x","NA","NA","NA",0,NA,0,0,"hhh_gender","Female"
"hh21_xi","NA","NA","NA",0.159559834938102,NA,0.132922242516754,0.18619742735945,"hhh_gender","Male"
"hh21_xi","NA","NA","NA",0.127272727272727,NA,0.0383816518719372,0.216163802673517,"hhh_gender","Female"
"hh21_xii","NA","NA","NA",0.046767537826685,NA,0.0314089443380232,0.0621261313153468,"hhh_gender","Male"
"hh21_xii","NA","NA","NA",0.0545454545454545,NA,-0.00602360365520481,0.115114512746114,"hhh_gender","Female"
"hh21_xiii","NA","NA","NA",0.133425034387895,NA,0.108690626879527,0.158159441896263,"hhh_gender","Male"
"hh21_xiii","NA","NA","NA",0.4,NA,0.269335734363996,0.530664265636004,"hhh_gender","Female"
"hh21_xiv","NA","NA","NA",0,NA,0,0,"hhh_gender","Male"
"hh21_xiv","NA","NA","NA",0,NA,0,0,"hhh_gender","Female"
"hh21_xv","NA","NA","NA",0,NA,0,0,"hhh_gender","Male"
"hh21_xv","NA","NA","NA",0,NA,0,0,"hhh_gender","Female"
"hh22_i","NA","NA","NA",0.972489683631362,NA,0.960591790203237,0.984387577059487,"hhh_gender","Male"
"hh22_i","NA","NA","NA",0.890909090909091,NA,0.807759103686179,0.974059078132002,"hhh_gender","Female"
"hh22_ii","NA","NA","NA",0.220082530949106,NA,0.189945747976537,0.250219313921674,"hhh_gender","Male"
"hh22_ii","NA","NA","NA",0.254545454545455,NA,0.138361951212317,0.370728957878592,"hhh_gender","Female"
"hh22_iii","NA","NA","NA",0.423658872077029,NA,0.387714761672881,0.459602982481177,"hhh_gender","Male"
"hh22_iii","NA","NA","NA",0.345454545454545,NA,0.218626128278199,0.472282962630892,"hhh_gender","Female"
"hh22_iv","NA","NA","NA",0.061898211829436,NA,0.0443697497258645,0.0794266739330076,"hhh_gender","Male"
"hh22_iv","NA","NA","NA",0.127272727272727,NA,0.0383816518719372,0.216163802673517,"hhh_gender","Female"
"hh22_v","NA","NA","NA",0.107290233837689,NA,0.084778185139679,0.129802282535699,"hhh_gender","Male"
"hh22_v","NA","NA","NA",0.2,NA,0.0933130738587709,0.306686926141229,"hhh_gender","Female"
"hh22_vi","NA","NA","NA",0.927097661623109,NA,0.908186715694077,0.946008607552141,"hhh_gender","Male"
"hh22_vi","NA","NA","NA",0.872727272727273,NA,0.783836197326483,0.961618348128063,"hhh_gender","Female"
"hh22_vii","NA","NA","NA",0.686382393397524,NA,0.652633225766561,0.720131561028487,"hhh_gender","Male"
"hh22_vii","NA","NA","NA",0.745454545454545,NA,0.629271042121408,0.861638048787683,"hhh_gender","Female"
"hh22_viii","NA","NA","NA",0.701513067400275,NA,0.668227165815513,0.734798968985037,"hhh_gender","Male"
"hh22_viii","NA","NA","NA",0.781818181818182,NA,0.671660859045236,0.891975504591128,"hhh_gender","Female"
"hh22_ix","NA","NA","NA",0.558459422283356,NA,0.522338327661287,0.594580516905426,"hhh_gender","Male"
"hh22_ix","NA","NA","NA",0.563636363636364,NA,0.431362210599364,0.695910516673363,"hhh_gender","Female"
"hh22_x","NA","NA","NA",0.0550206327372765,NA,0.0384341716564168,0.0716070938181362,"hhh_gender","Male"
"hh22_x","NA","NA","NA",0.0727272727272727,NA,0.00346390479101592,0.14199064066353,"hhh_gender","Female"
"hh22_xi","NA","NA","NA",0.914718019257222,NA,0.894401372146019,0.935034666368424,"hhh_gender","Male"
"hh22_xi","NA","NA","NA",0.854545454545454,NA,0.760511988562818,0.948578920528091,"hhh_gender","Female"
"hh22_xii","NA","NA","NA",0.224209078404402,NA,0.193871652822961,0.254546503985842,"hhh_gender","Male"
"hh22_xii","NA","NA","NA",0.218181818181818,NA,0.108024495408872,0.328339140954764,"hhh_gender","Female"
"hh22_xiii","NA","NA","NA",0.785419532324622,NA,0.755557062555132,0.815282002094111,"hhh_gender","Male"
"hh22_xiii","NA","NA","NA",0.781818181818182,NA,0.671660859045236,0.891975504591128,"hhh_gender","Female"
"hh23_i","NA","NA","NA",48.4413012729844,NA,47.1916952429253,49.6909073030436,"hhh_gender","Male"
"hh23_i","NA","NA","NA",46,NA,41.5688363029338,50.4311636970662,"hhh_gender","Female"
"hh23_ii","NA","NA","NA",3.22625698324022,NA,2.63743410738616,3.81507985909429,"hhh_gender","Male"
"hh23_ii","NA","NA","NA",3.86538461538462,NA,1.60603814001656,6.12473109075267,"hhh_gender","Female"
"hh23_iii","NA","NA","NA",4.9034965034965,NA,4.08475529302722,5.72223771396579,"hhh_gender","Male"
"hh23_iii","NA","NA","NA",3.17307692307692,NA,0.503642435243543,5.8425114109103,"hhh_gender","Female"
"hh23_iv","NA","NA","NA",0.722067039106145,NA,0.458159303728535,0.985974774483755,"hhh_gender","Male"
"hh23_iv","NA","NA","NA",2.42307692307692,NA,-0.33739148786192,5.18354533401577,"hhh_gender","Female"
"hh23_v","NA","NA","NA",2.05034965034965,NA,1.52211287089095,2.57858642980835,"hhh_gender","Male"
"hh23_v","NA","NA","NA",4.13461538461539,NA,1.08225156770436,7.18697920152641,"hhh_gender","Female"
"hh23_vi","NA","NA","NA",5.48527349228612,NA,5.15268384636543,5.8178631382068,"hhh_gender","Male"
"hh23_vi","NA","NA","NA",5.65384615384615,NA,4.38254476462075,6.92514754307156,"hhh_gender","Female"
"hh23_vii","NA","NA","NA",11.9929577464789,NA,10.9873052758858,12.9986102170719,"hhh_gender","Male"
"hh23_vii","NA","NA","NA",11.7884615384615,NA,8.45730688674539,15.1196161901777,"hhh_gender","Female"
"hh23_viii","NA","NA","NA",5.35474860335195,NA,4.84843191640001,5.8610652903039,"hhh_gender","Male"
"hh23_viii","NA","NA","NA",5.88461538461539,NA,4.09894331070753,7.67028745852324,"hhh_gender","Female"
"hh23_ix","NA","NA","NA",1.57122905027933,NA,1.41946706775898,1.72299103279968,"hhh_gender","Male"
"hh23_ix","NA","NA","NA",1.69230769230769,NA,1.13155914170803,2.25305624290735,"hhh_gender","Female"
"hh23_x","NA","NA","NA",0.21927374301676,NA,0.142643311235728,0.295904174797792,"hhh_gender","Male"
"hh23_x","NA","NA","NA",0.346153846153846,NA,-0.0184404556454495,0.710748147953142,"hhh_gender","Female"
"hh23_xi","NA","NA","NA",5.03356643356643,NA,4.67957337976781,5.38755948736506,"hhh_gender","Male"
"hh23_xi","NA","NA","NA",4.57692307692308,NA,3.60458883924934,5.54925731459682,"hhh_gender","Female"
"hh23_xii","NA","NA","NA",3.14705882352941,NA,2.5740299537186,3.72008769334023,"hhh_gender","Male"
"hh23_xii","NA","NA","NA",3.80769230769231,NA,1.53555346792938,6.07983114745523,"hhh_gender","Female"
"hh23_xiii","NA","NA","NA",8.67464788732394,NA,8.15739754512879,9.1918982295191,"hhh_gender","Male"
"hh23_xiii","NA","NA","NA",9.09615384615385,NA,7.09504303245707,11.0972646598506,"hhh_gender","Female"
"hh24","NA","NA","NA",970,NA,970,970,"hhh_gender","Male"
"hh24","NA","NA","NA",970,NA,970,970,"hhh_gender","Female"
"hh25_i","NA","NA","NA",0.318181818181818,NA,0.284277809041697,0.352085827321939,"hhh_gender","Male"
"hh25_i","NA","NA","NA",0.254545454545455,NA,0.138361951212317,0.370728957878592,"hhh_gender","Female"
"hh25_ii","NA","NA","NA",0.418732782369146,NA,0.382821122065955,0.454644442672337,"hhh_gender","Male"
"hh25_ii","NA","NA","NA",0.436363636363636,NA,0.304089483326637,0.568637789400636,"hhh_gender","Female"
"hh25_iii","NA","NA","NA",0.960110041265475,NA,0.94587456242733,0.974345520103619,"hhh_gender","Male"
"hh25_iii","NA","NA","NA",0.945454545454545,NA,0.884885487253886,1.0060236036552,"hhh_gender","Female"
"hh25_iv","NA","NA","NA",0.523415977961432,NA,0.487060294395354,0.559771661527511,"hhh_gender","Male"
"hh25_iv","NA","NA","NA",0.618181818181818,NA,0.48860192204605,0.747761714317587,"hhh_gender","Female"
"hh25_v","NA","NA","NA",0.0385674931129477,NA,0.024550682868808,0.0525843033570873,"hhh_gender","Male"
"hh25_v","NA","NA","NA",0.0545454545454545,NA,-0.00602360365520489,0.115114512746114,"hhh_gender","Female"
"hh25_vi","NA","NA","NA",0.127922971114168,NA,0.103627156056391,0.152218786171945,"hhh_gender","Male"
"hh25_vi","NA","NA","NA",0.127272727272727,NA,0.0383816518719372,0.216163802673517,"hhh_gender","Female"
"hh25_vii","NA","NA","NA",0.0550206327372765,NA,0.0384341716564168,0.0716070938181362,"hhh_gender","Male"
"hh25_vii","NA","NA","NA",0.0727272727272727,NA,0.00346390479101592,0.14199064066353,"hhh_gender","Female"
"hh25_viii","NA","NA","NA",0.758953168044077,NA,0.727818998161145,0.790087337927009,"hhh_gender","Male"
"hh25_viii","NA","NA","NA",0.854545454545454,NA,0.760511988562818,0.948578920528091,"hhh_gender","Female"
"hh25_ix","NA","NA","NA",0.00964187327823691,NA,0.00252882211989359,0.0167549244365802,"hhh_gender","Male"
"hh25_ix","NA","NA","NA",0,NA,0,0,"hhh_gender","Female"
"hh25_x","NA","NA","NA",0.0192572214580468,NA,0.0092605791552552,0.0292538637608383,"hhh_gender","Male"
"hh25_x","NA","NA","NA",0,NA,0,0,"hhh_gender","Female"
"hh25_xi","NA","NA","NA",0.203576341127923,NA,0.174286601611403,0.232866080644443,"hhh_gender","Male"
"hh25_xi","NA","NA","NA",0.254545454545455,NA,0.138361951212317,0.370728957878592,"hhh_gender","Female"
"impact2_improved","NA","NA","NA",0.265474552957359,NA,0.233353139108903,0.297595966805815,"hhh_gender","Male"
"impact2_improved","NA","NA","NA",0.454545454545455,NA,0.321739009003548,0.587351900087361,"hhh_gender","Female"
"impact2_constant","NA","NA","NA",0.308115543328748,NA,0.274529923205093,0.341701163452404,"hhh_gender","Male"
"impact2_constant","NA","NA","NA",0.272727272727273,NA,0.153941576694542,0.391512968760003,"hhh_gender","Female"
"impact2_worsened","NA","NA","NA",0.426409903713893,NA,0.390435446977593,0.462384360450192,"hhh_gender","Male"
"impact2_worsened","NA","NA","NA",0.272727272727273,NA,0.153941576694542,0.391512968760003,"hhh_gender","Female"
"impact3","NA","NA","NA",0.994818652849741,NA,0.984663399043834,1.00497390665565,"hhh_gender","Male"
"impact3","NA","NA","NA",1,NA,1,1,"hhh_gender","Female"
"impact4_improved","NA","NA","NA",0.272727272727273,NA,0.240308839370947,0.305145706083598,"hhh_gender","Male"
"impact4_improved","NA","NA","NA",0.381818181818182,NA,0.252238285682413,0.51139807795395,"hhh_gender","Female"
"impact4_constant","NA","NA","NA",0.232782369146006,NA,0.20202045066629,0.263544287625722,"hhh_gender","Male"
"impact4_constant","NA","NA","NA",0.254545454545455,NA,0.138361951212317,0.370728957878592,"hhh_gender","Female"
"impact4_worsened","NA","NA","NA",0.494490358126722,NA,0.45809695036331,0.530883765890134,"hhh_gender","Male"
"impact4_worsened","NA","NA","NA",0.363636363636364,NA,0.23533314785836,0.491939579414367,"hhh_gender","Female"
"impact5","NA","NA","NA",1,NA,1,1,"hhh_gender","Male"
"impact5","NA","NA","NA",1,NA,1,1,"hhh_gender","Female"
"p6_i_increased","NA","NA","NA",0.662534435261708,NA,0.628115451183622,0.696953419339794,"hhh_gender","Male"
"p6_i_increased","NA","NA","NA",0.6,NA,0.469335734363996,0.730664265636004,"hhh_gender","Female"
"p6_i_constant","NA","NA","NA",0.325068870523416,NA,0.290973414102138,0.359164326944694,"hhh_gender","Male"
"p6_i_constant","NA","NA","NA",0.381818181818182,NA,0.252238285682413,0.51139807795395,"hhh_gender","Female"
"p6_i_decreased","NA","NA","NA",0.012396694214876,NA,0.00434247771152553,0.0204509107182265,"hhh_gender","Male"
"p6_i_decreased","NA","NA","NA",0.0181818181818182,NA,-0.017453890628001,0.0538175269916374,"hhh_gender","Female"
"p6_ii_increased","NA","NA","NA",0.51313969571231,NA,0.476681138221189,0.549598253203431,"hhh_gender","Male"
"p6_ii_increased","NA","NA","NA",0.363636363636364,NA,0.23533314785836,0.491939579414367,"hhh_gender","Female"
"p6_ii_constant","NA","NA","NA",0.463347164591978,NA,0.426974136229106,0.49972019295485,"hhh_gender","Male"
"p6_ii_constant","NA","NA","NA",0.6,NA,0.469335734363996,0.730664265636004,"hhh_gender","Female"
"p6_ii_decreased","NA","NA","NA",0.0235131396957123,NA,0.0124604492675391,0.0345658301238855,"hhh_gender","Male"
"p6_ii_decreased","NA","NA","NA",0.0363636363636364,NA,-0.0135640514740405,0.0862913242013133,"hhh_gender","Female"
"p6_iii_increased","NA","NA","NA",0.442758620689655,NA,0.406577334599783,0.478939906779527,"hhh_gender","Male"
"p6_iii_increased","NA","NA","NA",0.462962962962963,NA,0.328721894651397,0.597204031274529,"hhh_gender","Female"
"p6_iii_constant","NA","NA","NA",0.546206896551724,NA,0.509942008321439,0.582471784782009,"hhh_gender","Male"
"p6_iii_constant","NA","NA","NA",0.5,NA,0.365389120882229,0.634610879117771,"hhh_gender","Female"
"p6_iii_decreased","NA","NA","NA",0.0110344827586207,NA,0.00342517108973688,0.0186437944275045,"hhh_gender","Male"
"p6_iii_decreased","NA","NA","NA",0.037037037037037,NA,-0.0138061851380291,0.0878802592121031,"hhh_gender","Female"
"p6_iv_increased","NA","NA","NA",0.0703448275862069,NA,0.0517172733028711,0.0889723818695427,"hhh_gender","Male"
"p6_iv_increased","NA","NA","NA",0.109090909090909,NA,0.0259409218679977,0.19224089631382,"hhh_gender","Female"
"p6_iv_constant","NA","NA","NA",0.615172413793103,NA,0.579731057586185,0.650613770000021,"hhh_gender","Male"
"p6_iv_constant","NA","NA","NA",0.654545454545455,NA,0.527717037369108,0.781373871721802,"hhh_gender","Female"
"p6_iv_decreased","NA","NA","NA",0.31448275862069,NA,0.280661760583559,0.34830375665782,"hhh_gender","Male"
"p6_iv_decreased","NA","NA","NA",0.236363636363636,NA,0.123049304350417,0.349677968376855,"hhh_gender","Female"
"p6_v_increased","NA","NA","NA",0.0894085281980743,NA,0.0686531312904686,0.11016392510568,"hhh_gender","Male"
"p6_v_increased","NA","NA","NA",0.2,NA,0.0933130738587709,0.306686926141229,"hhh_gender","Female"
"p6_v_constant","NA","NA","NA",0.33837689133425,NA,0.303958904703868,0.372794877964632,"hhh_gender","Male"
"p6_v_constant","NA","NA","NA",0.436363636363636,NA,0.304089483326637,0.568637789400636,"hhh_gender","Female"
"p6_v_decreased","NA","NA","NA",0.572214580467675,NA,0.536225377421251,0.6082037835141,"hhh_gender","Male"
"p6_v_decreased","NA","NA","NA",0.363636363636364,NA,0.23533314785836,0.491939579414367,"hhh_gender","Female"
"impact7","NA","NA","NA",0.994497936726272,NA,0.98911716566677,0.999878707785774,"hhh_gender","Male"
"impact7","NA","NA","NA",1,NA,1,1,"hhh_gender","Female"
"change_dignity_mpca_how.empowered","NA","NA","NA",0.83402489626556,NA,0.806886106667267,0.861163685863853,"hhh_gender","Male"
"change_dignity_mpca_how.empowered","NA","NA","NA",0.654545454545455,NA,0.527717037369108,0.781373871721802,"hhh_gender","Female"
"change_dignity_mpca_how.less_reliance","NA","NA","NA",0.713692946058091,NA,0.680720496048602,0.746665396067581,"hhh_gender","Male"
"change_dignity_mpca_how.less_reliance","NA","NA","NA",0.636363636363636,NA,0.508060420585633,0.76466685214164,"hhh_gender","Female"
"change_dignity_mpca_how.participate_easily","NA","NA","NA",0.804979253112033,NA,0.776078294796643,0.833880211427423,"hhh_gender","Male"
"change_dignity_mpca_how.participate_easily","NA","NA","NA",0.781818181818182,NA,0.671660859045236,0.891975504591128,"hhh_gender","Female"
"change_dignity_mpca_how.no_negative_coping","NA","NA","NA",0.733056708160443,NA,0.700789767957532,0.765323648363353,"hhh_gender","Male"
"change_dignity_mpca_how.no_negative_coping","NA","NA","NA",0.672727272727273,NA,0.547578776308026,0.797875769146519,"hhh_gender","Female"
"change_dignity_mpca_how.self_worth","NA","NA","NA",0.676348547717842,NA,0.642221120179417,0.710475975256267,"hhh_gender","Male"
"change_dignity_mpca_how.self_worth","NA","NA","NA",0.418181818181818,NA,0.286620738549977,0.54974289781366,"hhh_gender","Female"
"change_dignity_mpca_how.respect_from_others","NA","NA","NA",0.633471645919779,NA,0.598323949153184,0.668619342686374,"hhh_gender","Male"
"change_dignity_mpca_how.respect_from_others","NA","NA","NA",0.418181818181818,NA,0.286620738549977,0.54974289781366,"hhh_gender","Female"
"change_dignity_mpca_how.self_confidence","NA","NA","NA",0.739972337482711,NA,0.70797624005179,0.771968434913632,"hhh_gender","Male"
"change_dignity_mpca_how.self_confidence","NA","NA","NA",0.690909090909091,NA,0.567654024333316,0.814164157484866,"hhh_gender","Female"
"s1_improved","NA","NA","NA",0.521320495185695,NA,0.484983032670764,0.557657957700625,"hhh_gender","Male"
"s1_improved","NA","NA","NA",0.454545454545455,NA,0.321739009003548,0.587351900087361,"hhh_gender","Female"
"s1_constant","NA","NA","NA",0.458046767537827,NA,0.421804480346949,0.494289054728704,"hhh_gender","Male"
"s1_constant","NA","NA","NA",0.527272727272727,NA,0.394112602155051,0.660432852390404,"hhh_gender","Female"
"s1_worsened","NA","NA","NA",0.0206327372764787,NA,0.0102924882960838,0.0309729862568736,"hhh_gender","Male"
"s1_worsened","NA","NA","NA",0.0181818181818182,NA,-0.017453890628001,0.0538175269916374,"hhh_gender","Female"
"worse_relations_relatives_why.resentment","NA","NA","NA",0.533333333333333,NA,0.272004802061326,0.79466186460534,"hhh_gender","Male"
"worse_relations_relatives_why.resentment",NA,NA,NA,NA,NA,NA,NA,"hhh_gender","Female"
"worse_relations_relatives_why.anger","NA","NA","NA",0.4,NA,0.143380476613084,0.656619523386916,"hhh_gender","Male"
"worse_relations_relatives_why.anger",NA,NA,NA,NA,NA,NA,NA,"hhh_gender","Female"
"worse_relations_relatives_why.condescending_attitude","NA","NA","NA",0,NA,0,0,"hhh_gender","Male"
"worse_relations_relatives_why.condescending_attitude",NA,NA,NA,NA,NA,NA,NA,"hhh_gender","Female"
"worse_relations_relatives_why.rumors","NA","NA","NA",0.0666666666666667,NA,-0.0639975989693369,0.19733093230267,"hhh_gender","Male"
"worse_relations_relatives_why.rumors",NA,NA,NA,NA,NA,NA,NA,"hhh_gender","Female"
"s3_improved","NA","NA","NA",0.321870701513067,NA,0.287886524423482,0.355854878602653,"hhh_gender","Male"
"s3_improved","NA","NA","NA",0.2,NA,0.0933130738587709,0.306686926141229,"hhh_gender","Female"
"s3_constant","NA","NA","NA",0.672627235213205,NA,0.638493149248264,0.706761321178146,"hhh_gender","Male"
"s3_constant","NA","NA","NA",0.781818181818182,NA,0.671660859045236,0.891975504591128,"hhh_gender","Female"
"s3_worsened","NA","NA","NA",0.00550206327372765,NA,0.000121292214225547,0.0108828343332297,"hhh_gender","Male"
"s3_worsened","NA","NA","NA",0.0181818181818182,NA,-0.017453890628001,0.0538175269916374,"hhh_gender","Female"
"worse_relations_community_why.resentment","NA","NA","NA",0.5,NA,-0.0657928670380857,1.06579286703809,"hhh_gender","Male"
"worse_relations_community_why.resentment",NA,NA,NA,NA,NA,NA,NA,"hhh_gender","Female"
"worse_relations_community_why.anger","NA","NA","NA",0,NA,0,0,"hhh_gender","Male"
"worse_relations_community_why.anger",NA,NA,NA,NA,NA,NA,NA,"hhh_gender","Female"
"worse_relations_community_why.condescending_attitude","NA","NA","NA",0,NA,0,0,"hhh_gender","Male"
"worse_relations_community_why.condescending_attitude",NA,NA,NA,NA,NA,NA,NA,"hhh_gender","Female"
"worse_relations_community_why.rumors","NA","NA","NA",0.5,NA,-0.0657928670380857,1.06579286703809,"hhh_gender","Male"
"worse_relations_community_why.rumors",NA,NA,NA,NA,NA,NA,NA,"hhh_gender","Female"
"s5","NA","NA","NA",0.944979367262724,NA,0.928392906181864,0.961565828343583,"hhh_gender","Male"
"s5","NA","NA","NA",0.836363636363636,NA,0.737692826639755,0.935034446087518,"hhh_gender","Female"
"source_debts.bank","NA","NA","NA",0,NA,0,0,"hhh_gender","Male"
"source_debts.bank","NA","NA","NA",0,NA,0,0,"hhh_gender","Female"
"source_debts.microlender","NA","NA","NA",0,NA,0,0,"hhh_gender","Male"
"source_debts.microlender","NA","NA","NA",0,NA,0,0,"hhh_gender","Female"
"source_debts.savings","NA","NA","NA",0.00291120815138282,NA,-0.00112050457634275,0.00694292087910839,"hhh_gender","Male"
"source_debts.savings","NA","NA","NA",0,NA,0,0,"hhh_gender","Female"
"source_debts.friends","NA","NA","NA",0.625909752547307,NA,0.589699622417399,0.662119882677216,"hhh_gender","Male"
"source_debts.friends","NA","NA","NA",0.478260869565217,NA,0.332311923320439,0.624209815809995,"hhh_gender","Female"
"source_debts.community","NA","NA","NA",0.00436681222707424,NA,-0.00056740169495176,0.00930102614910023,"hhh_gender","Male"
"source_debts.community","NA","NA","NA",0,NA,0,0,"hhh_gender","Female"
"source_debts.shopkeepers","NA","NA","NA",0.933042212518195,NA,0.914338094818959,0.951746330217431,"hhh_gender","Male"
"source_debts.shopkeepers","NA","NA","NA",0.956521739130435,NA,0.896938331331002,1.01610514692987,"hhh_gender","Female"
"source_debts.employer","NA","NA","NA",0.00727802037845706,NA,0.000917297341957648,0.0136387434149565,"hhh_gender","Male"
"source_debts.employer","NA","NA","NA",0.0434782608695652,NA,-0.0161051469298676,0.103061668668998,"hhh_gender","Female"
"debt_purpose.basic_hh_goods","NA","NA","NA",0.97962154294032,NA,0.969048479305308,0.990194606575332,"hhh_gender","Male"
"debt_purpose.basic_hh_goods","NA","NA","NA",1,NA,1,1,"hhh_gender","Female"
"debt_purpose.basic_hh_services","NA","NA","NA",0.400291120815138,NA,0.363626748782286,0.436955492847991,"hhh_gender","Male"
"debt_purpose.basic_hh_services","NA","NA","NA",0.326086956521739,NA,0.189121679920084,0.463052233123395,"hhh_gender","Female"
"debt_purpose.rent_repayment","NA","NA","NA",0.0334788937409025,NA,0.0200178959245912,0.0469398915572137,"hhh_gender","Male"
"debt_purpose.rent_repayment","NA","NA","NA",0.0217391304347826,NA,-0.0208687822726099,0.0643470431421751,"hhh_gender","Female"
"debt_purpose.buying_productive_assets","NA","NA","NA",0.00145560407569141,NA,-0.00139732748841347,0.0043085356397963,"hhh_gender","Male"
"debt_purpose.buying_productive_assets","NA","NA","NA",0,NA,0,0,"hhh_gender","Female"
"debt_purpose.business_investment","NA","NA","NA",0,NA,0,0,"hhh_gender","Male"
"debt_purpose.business_investment","NA","NA","NA",0,NA,0,0,"hhh_gender","Female"
"debt_purpose.education","NA","NA","NA",0.0625909752547307,NA,0.0444647881934064,0.080717162316055,"hhh_gender","Male"
"debt_purpose.education","NA","NA","NA",0.173913043478261,NA,0.0631688934461204,0.284657193510401,"hhh_gender","Female"
"debt_purpose.households_assets","NA","NA","NA",0,NA,0,0,"hhh_gender","Male"
"debt_purpose.households_assets","NA","NA","NA",0,NA,0,0,"hhh_gender","Female"
"debt_purpose.buying_land","NA","NA","NA",0.00436681222707424,NA,-0.000567401694951754,0.00930102614910023,"hhh_gender","Male"
"debt_purpose.buying_land","NA","NA","NA",0,NA,0,0,"hhh_gender","Female"
"debt_purpose.hh_repair","NA","NA","NA",0.0116448326055313,NA,0.00361679909320996,0.0196728661178526,"hhh_gender","Male"
"debt_purpose.hh_repair","NA","NA","NA",0,NA,0,0,"hhh_gender","Female"
"debt_purpose.repayment_of_debt","NA","NA","NA",0.024745269286754,NA,0.0131203175596643,0.0363702210138437,"hhh_gender","Male"
"debt_purpose.repayment_of_debt","NA","NA","NA",0.0217391304347826,NA,-0.0208687822726099,0.0643470431421751,"hhh_gender","Female"
"debt_purpose.weddings_marriages","NA","NA","NA",0.00582241630276565,NA,0.000129043221919942,0.0115157893836114,"hhh_gender","Male"
"debt_purpose.weddings_marriages","NA","NA","NA",0.0217391304347826,NA,-0.0208687822726099,0.0643470431421751,"hhh_gender","Female"
"aap","NA","NA","NA",0.437241379310345,NA,0.401108671093562,0.473374087527128,"hhh_gender","Male"
"aap","NA","NA","NA",0.240740740740741,NA,0.125639501125963,0.355841980355519,"hhh_gender","Female"
"aap1","NA","NA","NA",0.082018927444795,NA,0.0517652302372071,0.112272624652383,"hhh_gender","Male"
"aap1","NA","NA","NA",0.384615384615385,NA,0.109354747120437,0.659876022110332,"hhh_gender","Female"
"aap2_i","NA","NA","NA",0,NA,0,0,"hhh_gender","Male"
"aap2_i","NA","NA","NA",0.2,NA,-0.191992796908011,0.591992796908011,"hhh_gender","Female"
"aap2_ii","NA","NA","NA",0.0384615384615385,NA,-0.036921691713079,0.113844768636156,"hhh_gender","Male"
"aap2_ii","NA","NA","NA",0,NA,0,0,"hhh_gender","Female"
"aap2_iii","NA","NA","NA",0.192307692307692,NA,0.0378180426720313,0.346797341943353,"hhh_gender","Male"
"aap2_iii","NA","NA","NA",0.4,NA,-0.0800911676355309,0.880091167635531,"hhh_gender","Female"
"aap2_iv","NA","NA","NA",0.538461538461539,NA,0.343045871353502,0.733877205569575,"hhh_gender","Male"
"aap2_iv","NA","NA","NA",0.4,NA,-0.0800911676355309,0.880091167635531,"hhh_gender","Female"
"aap2_v","NA","NA","NA",0.230769230769231,NA,0.0656128482722624,0.395925613266199,"hhh_gender","Male"
"aap2_v","NA","NA","NA",0,NA,0,0,"hhh_gender","Female"
"aap3_satisfied","NA","NA","NA",0.615384615384615,NA,0.424678451598596,0.806090779170634,"hhh_gender","Male"
"aap3_satisfied","NA","NA","NA",0.8,NA,0.408007203091989,1.19199279690801,"hhh_gender","Female"
"aap3_constant","NA","NA","NA",0.0769230769230769,NA,-0.0275309908378005,0.181377144683954,"hhh_gender","Male"
"aap3_constant","NA","NA","NA",0,NA,0,0,"hhh_gender","Female"
"aap3_dissatisfied","NA","NA","NA",0.307692307692308,NA,0.126772555273226,0.48861206011139,"hhh_gender","Male"
"aap3_dissatisfied","NA","NA","NA",0.2,NA,-0.191992796908011,0.591992796908011,"hhh_gender","Female"
"reason_dissatisfaction_complaint.response_inadequate","NA","NA","NA",0.75,NA,0.429225595766355,1.07077440423364,"hhh_gender","Male"
"reason_dissatisfaction_complaint.response_inadequate",NA,NA,NA,NA,NA,NA,NA,"hhh_gender","Female"
"reason_dissatisfaction_complaint.response_not_aligned","NA","NA","NA",0,NA,0,0,"hhh_gender","Male"
"reason_dissatisfaction_complaint.response_not_aligned",NA,NA,NA,NA,NA,NA,NA,"hhh_gender","Female"
"reason_dissatisfaction_complaint.response_took_long","NA","NA","NA",0.125,NA,-0.119995498067507,0.369995498067507,"hhh_gender","Male"
"reason_dissatisfaction_complaint.response_took_long",NA,NA,NA,NA,NA,NA,NA,"hhh_gender","Female"
"reason_dissatisfaction_complaint.response_was_burdensome","NA","NA","NA",0,NA,0,0,"hhh_gender","Male"
"reason_dissatisfaction_complaint.response_was_burdensome",NA,NA,NA,NA,NA,NA,NA,"hhh_gender","Female"
"reason_dissatisfaction_complaint.response_worsened_situation","NA","NA","NA",0.25,NA,-0.0707744042336448,0.570774404233645,"hhh_gender","Male"
"reason_dissatisfaction_complaint.response_worsened_situation",NA,NA,NA,NA,NA,NA,NA,"hhh_gender","Female"
"reason_dissatisfaction_complaint.not_transparent","NA","NA","NA",0,NA,0,0,"hhh_gender","Male"
"reason_dissatisfaction_complaint.not_transparent",NA,NA,NA,NA,NA,NA,NA,"hhh_gender","Female"
"reason_dissatisfaction_complaint.not_confidential","NA","NA","NA",0,NA,0,0,"hhh_gender","Male"
"reason_dissatisfaction_complaint.not_confidential",NA,NA,NA,NA,NA,NA,NA,"hhh_gender","Female"
"reason_dissatisfaction_complaint.rude","NA","NA","NA",0.125,NA,-0.119995498067507,0.369995498067507,"hhh_gender","Male"
"reason_dissatisfaction_complaint.rude",NA,NA,NA,NA,NA,NA,NA,"hhh_gender","Female"
"reason_not_use_complaint.not_have_complaint","NA","NA","NA",0.97029702970297,NA,0.951150198395518,0.989443861010422,"hhh_gender","Male"
"reason_not_use_complaint.not_have_complaint","NA","NA","NA",0.888888888888889,NA,0.671115112828883,1.10666266494889,"hhh_gender","Female"
"reason_not_use_complaint.not_understand_procedures","NA","NA","NA",0.0297029702970297,NA,0.0105561389895774,0.048849801604482,"hhh_gender","Male"
"reason_not_use_complaint.not_understand_procedures","NA","NA","NA",0.111111111111111,NA,-0.106662664948895,0.328884887171117,"hhh_gender","Female"
"reason_not_use_complaint.confidentiality","NA","NA","NA",0,NA,0,0,"hhh_gender","Male"
"reason_not_use_complaint.confidentiality","NA","NA","NA",0,NA,0,0,"hhh_gender","Female"
"reason_not_use_complaint.transparency","NA","NA","NA",0,NA,0,0,"hhh_gender","Male"
"reason_not_use_complaint.transparency","NA","NA","NA",0,NA,0,0,"hhh_gender","Female"
"reason_not_use_complaint.difference","NA","NA","NA",0,NA,0,0,"hhh_gender","Male"
"reason_not_use_complaint.difference","NA","NA","NA",0,NA,0,0,"hhh_gender","Female"
"reason_not_use_complaint.negative_repercussions","NA","NA","NA",0,NA,0,0,"hhh_gender","Male"
"reason_not_use_complaint.negative_repercussions","NA","NA","NA",0,NA,0,0,"hhh_gender","Female"
"reason_not_use_complaint.previous_experience","NA","NA","NA",0,NA,0,0,"hhh_gender","Male"
"reason_not_use_complaint.previous_experience","NA","NA","NA",0,NA,0,0,"hhh_gender","Female"
"reason_not_use_complaint.dissuaded_by_hh_members","NA","NA","NA",0,NA,0,0,"hhh_gender","Male"
"reason_not_use_complaint.dissuaded_by_hh_members","NA","NA","NA",0,NA,0,0,"hhh_gender","Female"
"reason_not_use_complaint.dissuaded_by_community_members","NA","NA","NA",0,NA,0,0,"hhh_gender","Male"
"reason_not_use_complaint.dissuaded_by_community_members","NA","NA","NA",0,NA,0,0,"hhh_gender","Female"
"preferred_assistance.cash","NA","NA","NA",0.94222833562586,NA,0.925257028191394,0.959199643060326,"hhh_gender","Male"
"preferred_assistance.cash","NA","NA","NA",0.963636363636364,NA,0.913708675798687,1.01356405147404,"hhh_gender","Female"
"preferred_assistance.vouchers","NA","NA","NA",0.0343878954607978,NA,0.021132767329645,0.0476430235919506,"hhh_gender","Male"
"preferred_assistance.vouchers","NA","NA","NA",0.0363636363636364,NA,-0.0135640514740405,0.0862913242013133,"hhh_gender","Female"
"preferred_assistance.cash_vouchers","NA","NA","NA",0.0825309491059147,NA,0.0625146440153251,0.102547254196504,"hhh_gender","Male"
"preferred_assistance.cash_vouchers","NA","NA","NA",0.0545454545454545,NA,-0.00602360365520486,0.115114512746114,"hhh_gender","Female"
"preferred_assistance.in_kind_food","NA","NA","NA",0.0343878954607978,NA,0.021132767329645,0.0476430235919506,"hhh_gender","Male"
"preferred_assistance.in_kind_food","NA","NA","NA",0.0545454545454545,NA,-0.00602360365520484,0.115114512746114,"hhh_gender","Female"
"preferred_assistance.in_kind_nfi","NA","NA","NA",0.0426409903713893,NA,0.0279439178714917,0.0573380628712869,"hhh_gender","Male"
"preferred_assistance.in_kind_nfi","NA","NA","NA",0.0909090909090909,NA,0.014233253825354,0.167584927992828,"hhh_gender","Female"
"msi","NA","NA","NA",0.28023598820059,NA,0.246405304535434,0.314066671865746,"hhh_gender","Male"
"msi","NA","NA","NA",0.333333333333333,NA,0.194044758154955,0.472621908511712,"hhh_gender","Female"
"shock1","NA","NA","NA",1,NA,1,1,"hhh_gender","Male"
"shock1","NA","NA","NA",1,NA,1,1,"hhh_gender","Female"
"hh25","NA","NA","NA",0.997248968363136,NA,0.99343892980405,1.00105900692222,"hhh_gender","Male"
"hh25","NA","NA","NA",1,NA,1,1,"hhh_gender","Female"
